{"cameraMode":{"drawMode":0,"name":"Shaded","section":"Shading Mode"},"sceneLighting":true,"audioPlay":false,"sceneViewState":{"m_AlwaysRefresh":false,"showFog":true,"showSkybox":true,"showFlares":true,"showImageEffects":true,"showParticleSystems":true,"showVisualEffectGraphs":true,"m_FxEnabled":true},"in2DMode":false,"pivot":{"x":13.25975227355957,"y":24.403453826904298,"z":31.039411544799806},"rotation":{"x":0.025428060442209245,"y":0.7233039736747742,"z":-0.6905857920646668,"w":0.02431371808052063},"size":0.8660253882408142,"orthographic":false}