{"cameraMode":{"drawMode":0,"name":"Shaded","section":"Shading Mode"},"sceneLighting":true,"audioPlay":false,"sceneViewState":{"m_AlwaysRefresh":false,"showFog":true,"showSkybox":true,"showFlares":true,"showImageEffects":true,"showParticleSystems":true,"showVisualEffectGraphs":true,"m_FxEnabled":true},"in2DMode":false,"pivot":{"x":-11.98537540435791,"y":13.825100898742676,"z":-20.3603458404541},"rotation":{"x":-0.45435598492622378,"y":-0.002362945582717657,"z":-0.000047104844270506874,"w":-0.8915455937385559},"size":0.8660253882408142,"orthographic":false}