{"cameraMode":{"drawMode":0,"name":"Shaded","section":"Shading Mode"},"sceneLighting":true,"audioPlay":false,"sceneViewState":{"m_AlwaysRefresh":false,"showFog":true,"showSkybox":true,"showFlares":true,"showImageEffects":true,"showParticleSystems":true,"showVisualEffectGraphs":true,"m_FxEnabled":true},"in2DMode":false,"pivot":{"x":-2.334853172302246,"y":-62.71644592285156,"z":-23.983463287353517},"rotation":{"x":0.015593375079333783,"y":0.7474420666694641,"z":-0.6639474630355835,"w":0.017478853464126588},"size":36.77901077270508,"orthographic":false}